<?xml version="1.0" encoding="UTF-8"?>
<c3p0-config>

    <default-config>
        <property name="driverClass">com.mysql.jdbc.Driver</property>
        <property name="jdbcUrl">jdbc:mysql://10.12.136.233/af_gallery?useUnicode=true&amp;characterEncoding=UTF-8</property>
        <property name="user">root</property>
        <property name="password">520wcj</property>

	    <property name="initialPoolSize">5</property>
	    <property name="minPoolSize">2</property>
	    <property name="maxPoolSize">10</property>
	    <property name="maxIdleTime">30</property>
	    <property name="idleConnectionTestPeriod">60</property>	    
    </default-config>

</c3p0-config>